loan_status	person_age	person_income	person_emp_length	loan_amnt	loan_intent	cb_person_cred_hist_length	cb_person_default_on_file
0	30	68000	7	10000	PERSONAL	7	N
0	30	67275	4	6500	HOMEIMPROVEMENT	7	N
1	35	33996	2	3600	MEDICAL	5	N
0	34	24000	3	2400	PERSONAL	5	Y
0	22	60000	0	10000	MEDICAL	4	N
0	33	50750	2	7500	PERSONAL	6	Y
1	21	26000	1	9450	DEBTCONSOLIDATION	2	N
1	33	51500	2	15000	MEDICAL	10	N
1	28	57000	12	20000	DEBTCONSOLIDATION	6	N
0	22	62000	6	8000	PERSONAL	3	N
0	23	60000	7	12000	DEBTCONSOLIDATION	3	N
0	27	63000	2	4500	DEBTCONSOLIDATION	8	N
0	23	21996	6	6000	VENTURE	3	Y
0	24	36000	1	3600	DEBTCONSOLIDATION	2	N
1	23	39000	1	12000	EDUCATION	4	N
0	47	75000	3	15000	HOMEIMPROVEMENT	17	Y
0	25	80000	4	11000	PERSONAL	3	N
1	36	53126	1	8000	MEDICAL	11	N
0	23	35000	7	10000	MEDICAL	2	N
0	22	45000	6	9425	MEDICAL	2	Y
1	21	42000	5	8325	DEBTCONSOLIDATION	2	N
0	21	50000	5	6000	MEDICAL	2	N
0	27	43200	0	12000	VENTURE	5	N
0	32	50000	6	10000	DEBTCONSOLIDATION	8	N
1	21	18008	1	3000	MEDICAL	2	N
1	22	50000	6	18250	DEBTCONSOLIDATION	3	Y
0	22	45691	5	7000	VENTURE	2	N
0	43	54000	0	3000	DEBTCONSOLIDATION	14	N
0	22	20000	6	9250	PERSONAL	4	N
0	24	30000	9	2400	DEBTCONSOLIDATION	2	Y
0	24	38000	2	9600	EDUCATION	2	N
1	26	40000	3	21000	MEDICAL	4	N
1	23	18000	4	3000	PERSONAL	2	N
0	22	85000	1	18000	EDUCATION	4	N
0	22	63800	7	25000	DEBTCONSOLIDATION	4	N
0	22	55000	6	25000	EDUCATION	2	N
0	24	65000	8	9000	PERSONAL	3	N
1	24	54000	2	20000	VENTURE	2	N
1	25	34000	8	3000	HOMEIMPROVEMENT	3	N
0	24	27000	8	4000	MEDICAL	4	N
0	26	66000	2	7500	EDUCATION	2	N
0	23	24091	5	3500	PERSONAL	2	Y
0	24	28590	7	8000	MEDICAL	2	Y
1	23	39000	3	10000	PERSONAL	3	N
1	33	51000	17	5000	MEDICAL	9	Y
1	23	68500	7	9800	PERSONAL	2	N
1	23	21000	3	10000	MEDICAL	4	Y
0	24	55000	0	3500	DEBTCONSOLIDATION	4	N
0	29	46000	3	7500	HOMEIMPROVEMENT	5	Y
0	31	60000	0	24250	EDUCATION	7	N
0	24	60000	1	12000	DEBTCONSOLIDATION	3	N
0	27	43495	3	10800	EDUCATION	6	N
0	22	60000	6	6125	MEDICAL	2	N
0	28	60000	12	15000	VENTURE	9	Y
0	36	22000	0	8000	EDUCATION	17	N
0	28	63000	0	12000	MEDICAL	10	N
0	22	25200	2	7000	PERSONAL	4	N
1	33	30000	11	10000	MEDICAL	6	N
1	23	74000	1	15000	VENTURE	2	N
1	27	36000	0	6825	EDUCATION	9	N
1	28	111000	12	25000	DEBTCONSOLIDATION	5	N
0	40	37440	3	10000	PERSONAL	11	N
0	22	43200	4	3000	EDUCATION	3	Y
1	21	24000	1	2000	PERSONAL	3	Y
0	24	52000	8	5000	PERSONAL	2	N
1	27	20000	0	8000	PERSONAL	10	N
0	38	65000	6	11500	MEDICAL	16	N
0	21	35000	5	13650	DEBTCONSOLIDATION	4	N
0	23	60000	0	5000	MEDICAL	2	N
1	24	39000	3	1500	EDUCATION	3	N
0	30	51750	5	12000	VENTURE	10	N
0	24	65000	5	12000	DEBTCONSOLIDATION	2	N
0	31	54996	6	5000	PERSONAL	10	N
1	31	44960	0	5000	DEBTCONSOLIDATION	10	N
0	25	30000	6	8000	DEBTCONSOLIDATION	3	N
0	29	90000	1	12000	MEDICAL	9	N
1	22	44000	6	6400	VENTURE	2	Y
1	34	138000	0	21000	HOMEIMPROVEMENT	10	N
0	22	29004	6	6200	DEBTCONSOLIDATION	4	Y
1	22	69000	6	10000	DEBTCONSOLIDATION	3	N
0	24	24000	3	3000	EDUCATION	2	N
0	38	47000	5	11000	DEBTCONSOLIDATION	16	N
0	22	30000	3	5000	EDUCATION	3	N
1	26	54000	0	13200	MEDICAL	2	Y
0	26	45000	0	4000	HOMEIMPROVEMENT	2	N
0	22	42996	3	4000	EDUCATION	4	N
0	27	45000	3	18000	MEDICAL	8	N
0	33	80000	5	24000	HOMEIMPROVEMENT	6	N
0	36	20004	1	4375	VENTURE	17	N
1	36	20000	0	5075	PERSONAL	11	N
0	40	50000	1	12000	EDUCATION	15	N
0	25	42000	3	8000	EDUCATION	4	N
0	24	54000	8	8500	HOMEIMPROVEMENT	3	N
0	23	62000	7	14000	DEBTCONSOLIDATION	4	N
1	30	16500	0	4000	VENTURE	7	Y
1	27	56525	4	12000	MEDICAL	7	Y
0	39	32400	3	7000	MEDICAL	16	N
1	25	24000	0	7000	VENTURE	2	Y
0	26	32000	3	5000	DEBTCONSOLIDATION	2	N
1	30	21996	4	7500	MEDICAL	9	N
0	36	65000	6	23325	EDUCATION	14	Y
0	23	28000	0	1250	VENTURE	4	N
0	29	32000	13	6000	EDUCATION	10	N
1	24	66300	4	30000	MEDICAL	3	N
0	45	70000	15	10000	MEDICAL	12	N
0	23	60000	1	13200	MEDICAL	2	Y
0	27	111000	11	28000	PERSONAL	8	N
1	34	54000	2	7800	VENTURE	6	N
0	25	76000	1	5000	DEBTCONSOLIDATION	3	N
0	35	60000	2	4000	DEBTCONSOLIDATION	7	N
0	27	37273	4	8500	PERSONAL	10	N
1	25	54000	1	20000	DEBTCONSOLIDATION	4	N
0	33	60000	4	6300	PERSONAL	10	N
0	39	92000	1	20000	PERSONAL	16	N
0	23	63150	7	12000	MEDICAL	2	N
0	28	92000	6	22000	EDUCATION	9	N
0	25	53000	6	3000	DEBTCONSOLIDATION	4	N
0	34	97356	12	20000	PERSONAL	7	Y
1	32	62900	6	16000	MEDICAL	5	N
0	22	60000	1	7000	PERSONAL	2	N
0	24	42000	2	8000	EDUCATION	4	N
1	35	34000	7	5000	EDUCATION	6	N
0	35	85000	9	21000	DEBTCONSOLIDATION	9	N
1	22	31200	6	12000	EDUCATION	2	N
0	25	60000	6	13000	MEDICAL	3	Y
1	22	45000	0	15000	DEBTCONSOLIDATION	2	N
0	25	62000	0	7400	DEBTCONSOLIDATION	2	N
1	26	59600	9	21000	VENTURE	2	N
0	23	51000	3	14400	DEBTCONSOLIDATION	4	N
0	28	60000	12	4600	DEBTCONSOLIDATION	6	N
0	26	70000	9	16525	MEDICAL	2	Y
0	27	50000	7	8800	EDUCATION	7	N
0	23	60000	5	16000	EDUCATION	4	Y
1	24	18000	0	10000	DEBTCONSOLIDATION	2	N
0	25	100000	9	20000	HOMEIMPROVEMENT	2	Y
0	32	34000	5	2800	DEBTCONSOLIDATION	7	N
1	22	88000	6	25000	DEBTCONSOLIDATION	2	Y
0	29	47000	1	5000	DEBTCONSOLIDATION	10	N
1	33	18000	3	3300	EDUCATION	8	N
0	23	65000	0	6000	MEDICAL	3	N
1	22	41000	5	14000	VENTURE	3	N
1	33	34800	17	14125	HOMEIMPROVEMENT	8	N
0	33	90000	5	22000	EDUCATION	5	N
0	33	59000	17	9600	MEDICAL	8	N
1	30	54000	13	25000	MEDICAL	6	N
0	23	32400	0	5000	MEDICAL	2	N
1	23	13000	0	2400	PERSONAL	3	N
0	24	75000	4	9600	MEDICAL	3	N
0	33	50800	16	10000	EDUCATION	7	Y
1	25	26000	4	8000	MEDICAL	3	Y
0	28	110244	3	18000	HOMEIMPROVEMENT	10	N
0	22	90000	6	10200	MEDICAL	3	N
1	22	91800	0	16800	MEDICAL	4	Y
0	27	46028	8	18000	DEBTCONSOLIDATION	9	N
0	32	35004	3	8150	MEDICAL	5	Y
0	22	40000	6	5000	MEDICAL	2	N
0	28	75000	12	15250	VENTURE	5	N
0	30	60000	0	6000	HOMEIMPROVEMENT	8	N
0	34	65000	0	17900	EDUCATION	8	N
0	37	80004	7	14500	MEDICAL	14	N
0	123	80004	2	20400	EDUCATION	3	N
0	37	20000	2	3000	VENTURE	17	N
0	22	37000	7	3600	MEDICAL	2	N
0	25	80000	9	10250	DEBTCONSOLIDATION	4	N
0	23	19200	2	2000	EDUCATION	4	N
0	25	65000	0	10000	EDUCATION	2	N
1	26	30000	5	19075	DEBTCONSOLIDATION	3	N
0	26	60000	4	7000	EDUCATION	3	N
1	28	51500	2	20000	DEBTCONSOLIDATION	8	Y
1	34	60500	3	11200	DEBTCONSOLIDATION	10	Y
0	24	68900	2	19500	HOMEIMPROVEMENT	2	N
0	21	24000	5	2000	VENTURE	4	N
0	23	84000	0	12500	EDUCATION	4	N
0	25	45000	9	3000	HOMEIMPROVEMENT	4	N
0	26	68000	3	10000	DEBTCONSOLIDATION	2	N
0	27	42996	1	5000	MEDICAL	6	N
0	23	60000	6	7000	EDUCATION	2	Y
0	27	60000	3	5000	PERSONAL	6	N
0	22	33000	1	5000	DEBTCONSOLIDATION	4	N
0	30	22000	1	5375	EDUCATION	9	N
0	28	65004	12	10000	PERSONAL	6	N
1	23	30000	3	3800	MEDICAL	2	N
0	21	27200	0	5000	EDUCATION	3	N
0	34	40000	2	5000	VENTURE	10	N
0	27	27500	0	3000	EDUCATION	5	N
0	21	37000	0	4000	PERSONAL	3	N
1	26	51996	2	6500	MEDICAL	4	N
0	25	61995	2	8000	VENTURE	4	N
1	27	54000	0	5000	DEBTCONSOLIDATION	8	N
0	27	48000	3	4500	EDUCATION	8	N
0	26	50000	2	10000	PERSONAL	3	N
0	24	29004	5	8725	MEDICAL	2	N
0	23	17000	0	1750	VENTURE	3	N
0	39	42000	5	8000	PERSONAL	17	N
1	30	14400	0	5000	MEDICAL	9	N
0	23	61498	5	5000	MEDICAL	3	N
0	29	30000	0	6600	VENTURE	8	N
1	24	22680	9	7000	VENTURE	2	N
0	23	70000	5	20000	EDUCATION	4	N
0	27	60000	0	7200	HOMEIMPROVEMENT	10	N
1	22	26400	6	9900	EDUCATION	4	N
0	21	25000	2	3600	PERSONAL	4	N
0	33	95000	4	11200	HOMEIMPROVEMENT	8	N
1	24	39000	2	16000	DEBTCONSOLIDATION	3	N
0	23	52250	2	4750	VENTURE	4	Y
0	30	134500	9	24000	DEBTCONSOLIDATION	6	Y
1	27	52000	0	22950	VENTURE	9	N
1	24	31000	8	9000	PERSONAL	4	Y
1	32	53196	9	25000	VENTURE	9	N
0	22	79000	3	35000	VENTURE	2	Y
0	29	48000	4	5000	HOMEIMPROVEMENT	8	N
0	23	30000	0	6500	DEBTCONSOLIDATION	4	N
0	45	52680	0	13000	MEDICAL	15	N
0	22	51480	4	3000	PERSONAL	2	N
0	34	52000	2	5000	VENTURE	8	Y
0	25	30720	3	2000	MEDICAL	4	N
0	27	135000	3	25000	MEDICAL	8	N
0	35	49800	3	6000	PERSONAL	6	N
1	27	16800	3	6500	DEBTCONSOLIDATION	8	N
1	26	58000	0	20000	HOMEIMPROVEMENT	4	N
0	32	78000	3	8000	DEBTCONSOLIDATION	10	N
1	22	39000	1	7500	VENTURE	4	Y
0	33	48000	5	14400	VENTURE	10	N
0	22	50004	6	15000	VENTURE	2	Y
0	31	33000	2	7000	VENTURE	10	N
0	25	60000	9	12000	EDUCATION	2	N
0	22	45000	4	10000	EDUCATION	3	N
1	33	30000	14	7500	EDUCATION	5	N
1	28	34000	0	12000	EDUCATION	8	Y
0	22	76000	0	14400	EDUCATION	2	N
0	22	65000	2	10000	EDUCATION	2	N
0	34	70000	13	20000	DEBTCONSOLIDATION	5	N
0	25	42000	9	11500	VENTURE	3	Y
1	21	45996	5	5000	DEBTCONSOLIDATION	3	Y
0	41	71500	4	10000	EDUCATION	14	N
0	25	70000	9	12000	PERSONAL	2	N
1	22	75000	6	25000	VENTURE	4	Y
1	26	48000	1	15000	PERSONAL	3	Y
0	21	66000	5	18000	MEDICAL	3	N
0	58	68000	1	8000	PERSONAL	29	N
0	28	60000	7	9600	EDUCATION	8	Y
0	28	45000	4	9000	MEDICAL	6	N
1	44	59000	1	10000	EDUCATION	13	N
0	32	70000	2	15000	MEDICAL	5	Y
0	35	43000	19	1200	DEBTCONSOLIDATION	8	N
0	22	48000	0	4800	DEBTCONSOLIDATION	2	Y
0	28	110000	12	22400	PERSONAL	6	N
1	30	58000	3	20000	PERSONAL	5	N
1	33	38604	0	7500	VENTURE	5	N
0	24	67000	3	13000	VENTURE	3	Y
0	24	45000	8	3000	MEDICAL	4	N
0	48	30000	21	2100	HOMEIMPROVEMENT	14	N
0	29	65000	2	4800	MEDICAL	5	N
0	22	38000	5	4800	EDUCATION	3	N
1	34	42000	3	2400	DEBTCONSOLIDATION	10	Y
0	22	67000	3	12000	EDUCATION	2	N
1	39	58000	5	21000	EDUCATION	16	N
1	22	46968	1	8500	PERSONAL	4	N
0	33	70000	2	3700	DEBTCONSOLIDATION	6	N
1	30	10800	1	1500	PERSONAL	9	N
0	23	60000	0	15600	PERSONAL	4	N
0	32	22884	2	1200	MEDICAL	7	N
0	31	85000	5	16000	VENTURE	6	N
0	32	86400	2	15000	VENTURE	7	N
1	22	46000	1	6200	DEBTCONSOLIDATION	3	N
0	25	28176	3	1000	MEDICAL	4	N
0	24	42200	5	4450	MEDICAL	4	N
0	28	32640	3	4500	MEDICAL	8	N
0	23	45000	0	7800	DEBTCONSOLIDATION	4	N
0	25	36000	3	5300	PERSONAL	3	N
1	26	56000	4	25000	DEBTCONSOLIDATION	2	N
0	47	48000	14	2500	MEDICAL	17	Y
0	35	30000	0	3000	DEBTCONSOLIDATION	9	N
0	22	30000	4	6500	EDUCATION	3	Y
1	23	64000	3	10000	VENTURE	3	Y
0	23	40000	2	3000	PERSONAL	3	N
1	42	32000	5	10000	PERSONAL	11	N
0	22	70000	3	8000	MEDICAL	3	N
0	43	50000	11	11500	MEDICAL	12	N
0	22	35000	1	8000	EDUCATION	3	N
0	22	36000	5	4500	EDUCATION	3	N
0	26	71000	5	13500	MEDICAL	3	N
0	26	70000	2	10000	HOMEIMPROVEMENT	3	N
0	23	61000	2	18400	VENTURE	2	N
0	28	73008	2	14000	EDUCATION	6	Y
0	22	50285	6	7000	DEBTCONSOLIDATION	4	Y
1	26	47500	10	19000	PERSONAL	4	Y
0	26	67000	4	10400	MEDICAL	4	N
0	31	34000	0	7500	MEDICAL	8	N
0	22	47840	0	9000	EDUCATION	4	N
0	25	50000	0	11000	EDUCATION	2	N
0	22	75000	2	20000	VENTURE	2	N
0	26	75000	6	6375	MEDICAL	3	N
0	21	42000	5	7000	EDUCATION	4	Y
0	23	45000	0	6225	VENTURE	4	Y
0	45	31200	11	4000	PERSONAL	17	Y
0	22	34000	3	5000	DEBTCONSOLIDATION	4	N
1	27	42200	6	10000	MEDICAL	6	Y
1	22	66000	6	8000	HOMEIMPROVEMENT	4	Y
0	25	53000	5	15000	EDUCATION	2	Y
1	26	33280	11	5000	DEBTCONSOLIDATION	4	N
0	30	65004	9	15000	EDUCATION	9	N
1	31	10800	4	2000	MEDICAL	6	Y
0	39	40000	2	5200	EDUCATION	17	N
0	30	88000	3	9700	HOMEIMPROVEMENT	5	N
0	22	54000	4	9000	DEBTCONSOLIDATION	3	Y
1	22	44000	2	10000	VENTURE	3	N
0	38	45000	1	5000	MEDICAL	13	Y
0	23	38400	1	2000	VENTURE	3	N
0	28	95000	4	25000	HOMEIMPROVEMENT	8	N
0	32	81000	1	10000	PERSONAL	10	N
0	28	92000	4	15000	DEBTCONSOLIDATION	9	N
0	25	59366	4	6000	MEDICAL	2	N
1	26	30000	3	4000	MEDICAL	2	Y
1	22	27120	5	9250	DEBTCONSOLIDATION	4	Y
0	36	78708	7	24000	MEDICAL	12	N
0	32	60000	2	7125	VENTURE	7	N
1	32	80000	1	25000	MEDICAL	9	N
0	34	68340	9	25000	HOMEIMPROVEMENT	10	N
0	23	41000	7	5500	DEBTCONSOLIDATION	4	N
0	22	60000	7	12000	PERSONAL	3	N
1	33	44000	6	4500	DEBTCONSOLIDATION	10	N
0	24	125000	3	28000	HOMEIMPROVEMENT	3	N
0	25	75000	1	11250	HOMEIMPROVEMENT	3	N
0	22	45500	0	10000	VENTURE	4	N
0	25	48600	0	12000	MEDICAL	4	N
1	25	62400	7	20000	VENTURE	2	N
0	26	69654	10	7500	MEDICAL	3	Y
1	38	36500	3	12000	EDUCATION	11	N
0	26	51300	9	8400	DEBTCONSOLIDATION	3	N
1	33	79200	3	25000	HOMEIMPROVEMENT	5	N
0	24	85000	0	16000	EDUCATION	2	N
0	42	61000	2	14400	PERSONAL	17	N
0	22	63132	0	10000	DEBTCONSOLIDATION	3	N
1	43	46000	2	13000	MEDICAL	13	N
0	21	18000	3	1500	PERSONAL	4	Y
0	39	37800	5	7000	DEBTCONSOLIDATION	11	N
0	24	76597	5	22000	EDUCATION	2	N
1	24	36100	4	5000	DEBTCONSOLIDATION	3	Y
1	24	42000	0	15000	VENTURE	4	N
0	23	38004	5	5000	EDUCATION	4	N
0	32	89000	0	12000	MEDICAL	6	N
0	24	85000	4	15000	DEBTCONSOLIDATION	3	N
0	35	33144	3	8400	VENTURE	8	N
0	23	85000	0	24000	EDUCATION	4	N
0	25	39204	3	10500	PERSONAL	4	Y
0	26	127992	10	26000	MEDICAL	3	Y
1	28	28320	4	8700	VENTURE	10	N
0	22	85000	6	12500	PERSONAL	2	N
0	31	57600	5	15000	EDUCATION	10	N
0	21	50000	0	12000	PERSONAL	3	N
0	28	40000	1	1700	PERSONAL	9	Y
1	26	57600	10	2150	DEBTCONSOLIDATION	3	Y
0	25	60000	8	14000	VENTURE	2	N
0	27	52000	4	8000	HOMEIMPROVEMENT	8	N
0	28	60000	4	8000	DEBTCONSOLIDATION	5	N
0	31	33600	1	15250	HOMEIMPROVEMENT	6	N
0	28	64000	13	7000	MEDICAL	6	N
1	28	72000	0	24000	MEDICAL	5	N
0	24	52000	6	12000	VENTURE	3	N
0	29	40000	0	3600	DEBTCONSOLIDATION	7	Y
1	26	30000	5	2000	HOMEIMPROVEMENT	2	N
0	28	96000	5	11250	HOMEIMPROVEMENT	5	N
0	50	68000	5	10000	PERSONAL	13	N
0	23	67000	3	9250	DEBTCONSOLIDATION	2	N
1	29	40000	3	14150	MEDICAL	7	N
0	29	56700	14	11000	MEDICAL	6	N
0	31	50100	5	6000	DEBTCONSOLIDATION	5	N
0	30	47000	2	13000	DEBTCONSOLIDATION	5	N
0	29	30000	0	10000	PERSONAL	5	N
0	34	46000	18	6700	DEBTCONSOLIDATION	10	N
0	25	60000	2	12500	EDUCATION	4	N
0	23	95000	6	12000	DEBTCONSOLIDATION	3	N
0	23	60000	5	15000	PERSONAL	3	Y
1	21	18456	2	3500	MEDICAL	2	Y
0	22	41600	0	2400	EDUCATION	2	Y
0	29	40000	3	6600	MEDICAL	10	N
1	24	73000	9	25000	EDUCATION	2	N
0	44	27000	5	1700	EDUCATION	15	N
0	29	50700	2	5000	HOMEIMPROVEMENT	8	N
0	24	53000	5	5100	EDUCATION	2	N
0	27	48000	0	10000	DEBTCONSOLIDATION	7	N
1	29	81000	5	12000	DEBTCONSOLIDATION	6	N
0	33	68500	6	8000	HOMEIMPROVEMENT	6	N
1	28	50000	1	16200	HOMEIMPROVEMENT	6	Y
0	25	31200	3	11200	MEDICAL	2	N
0	28	77000	5	15000	PERSONAL	5	N
1	25	35000	5	13000	MEDICAL	2	N
0	21	48000	5	7350	VENTURE	2	N
1	27	36000	2	9300	EDUCATION	9	Y
0	27	92000	11	18000	EDUCATION	8	N
0	25	15000	9	2000	VENTURE	3	N
0	27	42000	9	8000	PERSONAL	6	N
0	26	42000	11	15075	EDUCATION	2	N
0	25	40000	0	10000	EDUCATION	3	N
1	23	19250	1	6250	HOMEIMPROVEMENT	4	Y
0	24	14400	1	1875	EDUCATION	2	Y
1	23	29472	3	11000	DEBTCONSOLIDATION	4	N
0	29	77625	1	20000	DEBTCONSOLIDATION	9	N
0	29	105000	6	30000	HOMEIMPROVEMENT	8	N
0	21	32000	3	4500	PERSONAL	4	N
0	22	28500	1	1500	EDUCATION	4	N
1	45	54000	3	7000	EDUCATION	16	N
0	22	35500	0	4000	EDUCATION	2	N
0	23	84996	5	14000	PERSONAL	3	N
0	41	51000	10	14500	HOMEIMPROVEMENT	11	N
1	25	48000	9	15000	PERSONAL	3	Y
0	31	48605	0	12000	VENTURE	10	N
0	26	102000	3	20000	DEBTCONSOLIDATION	4	N
0	26	52000	10	10750	HOMEIMPROVEMENT	2	N
0	22	55000	1	15000	VENTURE	3	N
1	26	63400	2	6000	PERSONAL	2	Y
1	23	72250	7	35000	MEDICAL	2	N
1	33	53004	0	20000	EDUCATION	9	Y
1	30	42000	2	16200	MEDICAL	6	N
0	31	36000	2	3500	MEDICAL	10	Y
1	21	30000	5	13250	HOMEIMPROVEMENT	3	N
0	24	80000	2	12000	PERSONAL	3	Y
0	39	60000	20	7000	MEDICAL	15	N
0	26	65000	3	7000	MEDICAL	3	Y
0	37	54538	21	20000	VENTURE	15	N
0	23	30873	8	4200	EDUCATION	4	N
0	22	77004	6	20000	DEBTCONSOLIDATION	4	N
0	26	21600	5	5200	EDUCATION	3	N
0	31	101000	5	18000	EDUCATION	6	N
0	29	61000	9	9000	PERSONAL	7	N
1	36	14400	0	5500	EDUCATION	11	N
0	33	42000	2	9050	PERSONAL	7	N
0	31	85000	5	12000	PERSONAL	8	N
1	23	30000	0	8000	MEDICAL	3	Y
0	40	87048	11	17600	PERSONAL	13	N
0	33	109000	4	18400	PERSONAL	8	Y
1	30	36000	3	24250	DEBTCONSOLIDATION	7	Y
1	25	48000	0	3200	HOMEIMPROVEMENT	4	Y
1	26	44000	8	12000	MEDICAL	3	Y
0	23	51000	2	2400	DEBTCONSOLIDATION	3	N
1	23	34900	2	4000	MEDICAL	4	Y
0	49	86400	7	16875	PERSONAL	14	N
0	32	40704	9	10000	HOMEIMPROVEMENT	7	N
0	25	32000	3	6250	DEBTCONSOLIDATION	3	N
0	45	37500	1	5000	DEBTCONSOLIDATION	16	N
1	34	58800	3	17000	HOMEIMPROVEMENT	10	N
0	28	51000	5	6000	DEBTCONSOLIDATION	5	N
1	24	41000	2	25000	HOMEIMPROVEMENT	3	N
0	32	40000	2	7000	VENTURE	10	Y
1	28	78200	12	20000	MEDICAL	5	Y
0	26	70000	11	20000	HOMEIMPROVEMENT	4	Y
0	28	30996	0	8000	DEBTCONSOLIDATION	10	N
0	26	76000	5	11800	DEBTCONSOLIDATION	3	Y
1	23	36000	7	10750	HOMEIMPROVEMENT	3	N
0	23	30000	3	4500	EDUCATION	4	N
0	35	102000	3	20000	DEBTCONSOLIDATION	5	N
0	23	45000	2	6575	VENTURE	3	N
0	24	35000	2	8000	EDUCATION	3	N
0	35	46900	14	14000	MEDICAL	5	Y
1	32	49000	13	3500	HOMEIMPROVEMENT	6	N
1	25	20000	2	2500	PERSONAL	2	N
0	29	68000	1	10000	MEDICAL	5	N
0	25	30000	4	7000	MEDICAL	2	N
0	28	50000	0	7000	EDUCATION	5	N
0	28	69996	8	3500	DEBTCONSOLIDATION	9	N
0	21	45432	4	5000	EDUCATION	4	N
1	23	66500	0	22000	DEBTCONSOLIDATION	2	N
0	24	26650	6	1000	MEDICAL	2	N
0	24	75000	0	17000	DEBTCONSOLIDATION	2	N
0	24	36996	7	7800	PERSONAL	3	Y
0	27	40000	2	6000	EDUCATION	7	N
0	24	36000	2	1500	EDUCATION	2	N
0	25	69000	9	25000	MEDICAL	2	N
0	26	69000	4	16000	VENTURE	4	N
0	45	24000	0	4000	VENTURE	13	N
0	27	35000	9	5000	DEBTCONSOLIDATION	8	N
0	29	48000	8	4500	MEDICAL	7	N
1	38	29000	2	10000	DEBTCONSOLIDATION	16	N
0	22	31224	0	6400	EDUCATION	4	N
0	22	75000	0	24000	DEBTCONSOLIDATION	4	N
1	26	42000	3	5000	PERSONAL	3	N
0	28	69996	1	11000	VENTURE	8	N
0	28	55000	0	6700	DEBTCONSOLIDATION	7	Y
0	25	50000	9	6000	HOMEIMPROVEMENT	3	N
1	23	54000	2	20000	PERSONAL	2	N
0	47	52000	4	12000	DEBTCONSOLIDATION	13	N
0	34	68000	5	7200	PERSONAL	9	N
1	25	24000	0	1325	EDUCATION	2	Y
0	23	24000	4	5000	DEBTCONSOLIDATION	2	N
0	27	30000	2	7000	DEBTCONSOLIDATION	7	N
1	23	30000	2	10000	HOMEIMPROVEMENT	4	Y
0	24	35004	2	6000	VENTURE	3	N
0	28	110000	8	15000	HOMEIMPROVEMENT	6	N
1	60	37200	2	10000	PERSONAL	27	N
0	24	89000	8	25000	MEDICAL	3	Y
0	28	42328	5	6000	MEDICAL	7	N
0	30	101500	2	18000	HOMEIMPROVEMENT	7	N
0	23	42000	1	8000	VENTURE	4	N
1	26	111917	1	25000	DEBTCONSOLIDATION	3	N
0	25	24996	3	7500	EDUCATION	3	Y
1	27	86260	11	18000	EDUCATION	7	Y
0	34	42000	2	2500	MEDICAL	6	N
0	26	44000	0	8475	HOMEIMPROVEMENT	4	N
0	21	60000	5	5000	DEBTCONSOLIDATION	2	N
0	21	75000	6	10000	DEBTCONSOLIDATION	3	N
1	23	35000	0	12800	PERSONAL	2	N
1	22	11000	3	3800	HOMEIMPROVEMENT	4	N
0	23	70000	7	16000	EDUCATION	4	N
1	24	45000	1	16425	PERSONAL	2	Y
0	24	72100	2	16000	EDUCATION	4	N
0	25	54996	0	10000	VENTURE	2	N
0	22	63000	6	15000	MEDICAL	3	N
0	23	25200	1	5500	EDUCATION	2	N
0	25	75000	8	12000	DEBTCONSOLIDATION	3	N
0	24	94000	4	25000	EDUCATION	4	N
0	24	52000	4	7000	DEBTCONSOLIDATION	4	Y
0	29	26004	0	6500	EDUCATION	10	N
0	30	77000	2	25000	PERSONAL	10	N
0	27	130000	1	21000	HOMEIMPROVEMENT	7	N
1	21	50000	2	18000	EDUCATION	2	N
0	40	62000	5	4800	DEBTCONSOLIDATION	16	N
0	46	60000	10	15000	MEDICAL	17	N
0	24	34900	3	5000	DEBTCONSOLIDATION	3	N
1	22	35500	6	2500	MEDICAL	2	N
1	24	45600	2	18250	VENTURE	4	N
0	25	55000	9	8500	HOMEIMPROVEMENT	2	N
0	24	65000	0	14000	EDUCATION	3	N
0	26	21600	3	6000	MEDICAL	4	N
0	32	45996	2	1800	EDUCATION	8	N
0	33	100000	1	25000	EDUCATION	9	N
0	23	60000	3	8000	EDUCATION	3	N
0	28	43000	4	13800	MEDICAL	6	N
0	22	38004	0	4100	MEDICAL	4	N
0	24	33321	4	12250	VENTURE	4	Y
1	24	24000	0	10750	HOMEIMPROVEMENT	2	Y
1	27	35520	1	7000	VENTURE	8	Y
0	31	46080	3	2800	MEDICAL	10	N
1	23	67476	5	25000	HOMEIMPROVEMENT	3	Y
1	27	66000	11	20000	PERSONAL	5	N
0	28	72087	10	16000	PERSONAL	6	N
1	32	31000	2	7400	EDUCATION	6	N
0	37	30000	6	3000	MEDICAL	13	N
0	22	59000	2	11000	DEBTCONSOLIDATION	3	N
0	24	31200	2	8400	VENTURE	3	N
0	42	78000	6	20000	VENTURE	12	N
1	53	85000	19	35000	PERSONAL	19	N
1	23	30000	3	10000	DEBTCONSOLIDATION	2	N
0	24	85000	1	9000	MEDICAL	4	N
0	23	48235	5	20000	VENTURE	2	N
0	22	40000	2	8100	PERSONAL	3	N
1	24	39996	0	5000	VENTURE	3	Y
0	23	45600	3	12000	VENTURE	2	Y
0	32	26000	4	13750	VENTURE	10	Y
1	22	41244	6	11500	DEBTCONSOLIDATION	3	N
1	26	42000	2	4800	EDUCATION	2	Y
0	25	38400	2	10000	DEBTCONSOLIDATION	2	N
0	21	20000	2	2500	MEDICAL	4	Y
0	35	42756	0	3500	PERSONAL	8	N
1	29	60000	13	25000	DEBTCONSOLIDATION	9	Y
0	24	85000	1	16000	VENTURE	3	N
0	46	48956	0	2800	MEDICAL	14	N
1	21	15300	5	2500	MEDICAL	2	N
0	33	63000	7	18250	DEBTCONSOLIDATION	9	N
0	36	28800	0	5375	HOMEIMPROVEMENT	13	N
1	31	18240	0	3200	HOMEIMPROVEMENT	8	N
0	38	28584	4	5400	EDUCATION	11	N
0	29	54000	9	12000	DEBTCONSOLIDATION	7	N
0	24	50000	7	6000	HOMEIMPROVEMENT	4	Y
0	23	49152	2	6000	PERSONAL	3	N
1	44	12000	5	2000	HOMEIMPROVEMENT	11	N
0	24	32000	1	5000	MEDICAL	3	N
0	23	48152	7	9500	MEDICAL	2	N
0	22	31000	1	5000	DEBTCONSOLIDATION	4	N
1	29	31200	2	6000	PERSONAL	10	N
0	29	86000	5	14000	PERSONAL	9	N
0	44	50000	6	8500	VENTURE	15	N
0	25	25000	1	5200	EDUCATION	3	Y
0	33	75000	0	12000	MEDICAL	10	N
0	26	19200	3	2000	MEDICAL	4	N
0	27	27600	2	3500	EDUCATION	9	N
0	25	60000	3	3000	DEBTCONSOLIDATION	4	N
0	24	75000	8	12000	DEBTCONSOLIDATION	4	N
0	34	40000	11	6000	VENTURE	7	N
1	23	36000	4	12250	MEDICAL	3	N
0	30	33000	3	5600	EDUCATION	9	N
0	28	44000	5	7000	DEBTCONSOLIDATION	9	N
1	32	103000	0	33000	PERSONAL	6	N
0	46	48000	0	9600	PERSONAL	17	N
0	24	53000	8	10000	PERSONAL	2	N
1	21	29400	0	12000	MEDICAL	4	N
0	27	43218	11	5300	VENTURE	10	Y
0	29	47256	5	12000	VENTURE	8	N
0	34	30000	5	4200	MEDICAL	8	N
1	24	19200	0	6000	EDUCATION	3	N
1	34	15523	1	3800	VENTURE	9	N
0	22	64000	5	6600	DEBTCONSOLIDATION	4	N
0	28	53000	0	7000	DEBTCONSOLIDATION	9	N
1	22	50000	0	13350	DEBTCONSOLIDATION	2	N
0	33	44000	2	9600	MEDICAL	5	Y
0	27	72000	6	20000	VENTURE	5	N
0	23	35000	1	10000	EDUCATION	2	N
1	23	60000	3	20000	EDUCATION	2	N
0	22	26004	4	5000	EDUCATION	2	N
1	30	78111	5	25000	PERSONAL	7	N
0	24	80000	3	20000	VENTURE	4	N
0	22	55500	6	3000	MEDICAL	3	N
1	40	16800	8	5000	PERSONAL	17	N
0	24	50000	6	5000	MEDICAL	2	N
1	30	110925	1	25000	MEDICAL	9	N
0	31	78408	10	15000	VENTURE	8	N
0	37	35496	5	3600	VENTURE	12	N
0	24	95000	3	35000	DEBTCONSOLIDATION	2	N
0	23	49800	2	2400	PERSONAL	2	N
0	22	56000	6	4750	PERSONAL	2	N
0	27	54000	2	12100	MEDICAL	6	N
0	21	60000	5	6000	MEDICAL	4	N
0	33	100000	1	25000	HOMEIMPROVEMENT	9	N
1	30	21600	1	1500	DEBTCONSOLIDATION	8	N
0	25	69000	7	9600	HOMEIMPROVEMENT	3	N
1	22	29100	2	6250	PERSONAL	3	Y
0	39	115000	6	25000	VENTURE	17	Y
0	28	36000	0	2500	PERSONAL	8	Y
0	25	52000	2	7000	HOMEIMPROVEMENT	2	N
0	28	58000	11	6700	DEBTCONSOLIDATION	5	N
1	25	59000	4	3600	HOMEIMPROVEMENT	3	N
0	23	55000	0	10200	PERSONAL	2	Y
0	28	42000	0	12000	EDUCATION	9	N
0	29	27000	8	5000	PERSONAL	9	N
0	24	70000	8	7000	DEBTCONSOLIDATION	4	N
1	25	71400	9	25000	MEDICAL	2	N
0	25	35000	2	7500	DEBTCONSOLIDATION	2	N
0	32	50911	7	10000	PERSONAL	7	N
0	25	40000	6	5000	MEDICAL	4	Y
0	26	43000	0	9000	PERSONAL	4	Y
0	25	48000	0	6000	PERSONAL	2	N
0	27	37000	4	7900	EDUCATION	7	N
0	35	46000	4	8800	PERSONAL	7	N
0	31	49000	2	3850	MEDICAL	6	N
0	21	30000	5	9000	MEDICAL	4	N
1	26	35000	10	12875	EDUCATION	3	N
0	27	40800	3	2000	VENTURE	9	N
0	32	52000	3	12000	EDUCATION	6	N
0	36	53000	5	5000	MEDICAL	12	N
1	32	15600	4	5000	HOMEIMPROVEMENT	5	N
0	36	81996	4	15000	PERSONAL	16	N
0	25	40000	5	6000	PERSONAL	4	N
0	28	53000	0	12000	MEDICAL	10	N
0	35	78000	9	9450	HOMEIMPROVEMENT	8	N
0	24	40000	8	4500	DEBTCONSOLIDATION	3	N
1	23	24000	4	12250	EDUCATION	4	Y
0	32	40000	3	8000	DEBTCONSOLIDATION	9	N
0	40	90996	9	22000	HOMEIMPROVEMENT	14	N
1	31	24000	0	9925	DEBTCONSOLIDATION	6	N
0	29	104000	7	35000	DEBTCONSOLIDATION	8	N
0	24	33000	2	3300	VENTURE	4	N
1	32	57223	0	15000	PERSONAL	5	N
0	27	33000	7	4800	VENTURE	10	N
1	32	65000	4	20000	VENTURE	6	Y
0	28	74000	12	10000	HOMEIMPROVEMENT	8	N
0	27	75000	0	7500	PERSONAL	10	N
0	37	48000	8	2500	PERSONAL	11	N
0	41	28000	9	2000	EDUCATION	16	N
1	25	61680	1	7600	VENTURE	4	N
1	29	54000	12	10000	PERSONAL	7	N
0	25	31200	7	3500	MEDICAL	3	N
0	30	70000	7	10000	DEBTCONSOLIDATION	7	N
0	25	72000	2	10000	MEDICAL	4	N
0	21	25000	6	1000	PERSONAL	3	N
0	22	36000	0	4000	MEDICAL	3	N
0	25	60000	3	12000	PERSONAL	4	N
0	24	50000	8	8000	PERSONAL	3	N
0	22	75000	2	10000	EDUCATION	4	N
0	21	40000	3	6000	DEBTCONSOLIDATION	3	N
1	24	36000	8	6000	HOMEIMPROVEMENT	4	N
0	25	55000	9	10200	PERSONAL	3	N
0	24	62400	8	4000	HOMEIMPROVEMENT	4	N
0	27	43000	8	4900	VENTURE	5	N
0	28	52524	11	9200	MEDICAL	7	N
1	28	32568	3	15000	EDUCATION	9	N
0	27	34000	3	6000	MEDICAL	9	N
0	28	33000	1	7500	HOMEIMPROVEMENT	6	Y
1	30	31000	14	2400	HOMEIMPROVEMENT	5	N
1	30	36400	2	12000	MEDICAL	9	N
0	32	30000	10	17875	HOMEIMPROVEMENT	5	N
1	22	64000	3	14400	DEBTCONSOLIDATION	2	N
0	23	33204	7	2000	MEDICAL	3	Y
0	27	90000	8	12000	DEBTCONSOLIDATION	5	N
0	25	68000	1	10000	EDUCATION	2	Y
0	24	52000	1	7000	MEDICAL	4	N
0	31	37000	5	7500	PERSONAL	6	N
0	24	47000	7	15000	MEDICAL	2	N
0	22	49500	7	2500	MEDICAL	2	Y
0	30	65000	14	11475	PERSONAL	6	N
0	26	60000	0	7200	VENTURE	2	N
0	27	35000	3	10000	MEDICAL	8	N
0	31	32400	14	3000	HOMEIMPROVEMENT	10	N
0	25	52000	1	7000	DEBTCONSOLIDATION	3	N
1	32	39000	5	5000	MEDICAL	10	N
0	30	70000	6	12800	HOMEIMPROVEMENT	7	N
0	31	73000	5	5800	HOMEIMPROVEMENT	6	N
0	23	50000	0	6100	VENTURE	4	N
0	21	82100	3	12200	PERSONAL	2	N
1	24	86000	0	20000	PERSONAL	3	N
1	23	32000	5	10000	MEDICAL	3	N
0	34	35000	2	7200	VENTURE	9	N
0	31	33000	6	5000	DEBTCONSOLIDATION	6	N
0	31	31600	4	7500	MEDICAL	10	N
1	27	12000	0	8125	EDUCATION	5	Y
0	26	65004	10	5000	HOMEIMPROVEMENT	3	N
0	25	42000	1	8000	VENTURE	2	N
0	23	75000	2	3700	DEBTCONSOLIDATION	2	N
0	33	45180	0	7000	VENTURE	7	N
0	22	58608	4	10000	MEDICAL	2	N
1	30	56400	1	7000	DEBTCONSOLIDATION	9	N
1	23	55000	5	20000	VENTURE	3	N
0	26	52000	6	6500	PERSONAL	4	N
0	27	64000	0	12000	MEDICAL	5	Y
1	36	45000	4	20000	MEDICAL	14	N
0	27	95000	11	18000	DEBTCONSOLIDATION	9	N
0	35	78862	14	25000	EDUCATION	9	Y
0	21	42000	5	1500	EDUCATION	3	N
0	29	72000	13	15900	MEDICAL	9	N
0	24	42000	9	11000	PERSONAL	4	N
0	24	58800	5	5000	HOMEIMPROVEMENT	3	N
1	24	14880	2	6000	EDUCATION	3	N
0	30	37017	3	9000	PERSONAL	7	N
0	23	35000	6	8400	EDUCATION	3	N
1	25	15600	6	5000	MEDICAL	3	N
0	24	32004	5	14000	VENTURE	4	N
0	26	134000	2	30000	EDUCATION	3	Y
0	21	40000	2	10000	MEDICAL	4	N
0	36	29500	4	1250	HOMEIMPROVEMENT	11	N
0	29	92250	2	13000	MEDICAL	9	N
0	35	29568	6	6000	PERSONAL	10	Y
0	34	28704	0	7000	MEDICAL	10	N
0	22	41000	0	1000	PERSONAL	2	N
0	22	55008	6	12000	EDUCATION	2	N
0	25	75000	7	15000	DEBTCONSOLIDATION	4	N
0	30	46000	5	8000	DEBTCONSOLIDATION	10	N
1	22	12000	5	5500	EDUCATION	4	N
0	25	32500	9	3600	MEDICAL	4	N
0	22	48000	6	6000	VENTURE	4	N
0	22	47004	2	4000	PERSONAL	3	N
0	39	40000	5	6000	EDUCATION	11	N
0	41	58000	6	5200	DEBTCONSOLIDATION	11	N
0	24	55000	8	1800	MEDICAL	3	N
0	35	36000	3	8000	VENTURE	10	N
0	46	101500	8	15000	DEBTCONSOLIDATION	14	N
0	30	48000	13	10950	VENTURE	9	N
1	36	48000	2	20000	MEDICAL	14	N
0	23	45600	7	10000	VENTURE	4	Y
1	20	64000	3	16000	VENTURE	4	Y
0	25	26729	5	7300	VENTURE	4	N
0	25	36996	4	4200	MEDICAL	3	N
0	25	82000	2	9200	MEDICAL	3	N
0	30	115000	3	20000	DEBTCONSOLIDATION	7	N
0	39	24000	9	5000	EDUCATION	12	N
0	25	72000	2	5000	MEDICAL	3	N
1	26	54000	10	8500	MEDICAL	3	N
0	24	47211	8	10000	HOMEIMPROVEMENT	3	N
0	22	68000	6	20000	VENTURE	3	Y
0	23	49000	6	6000	DEBTCONSOLIDATION	3	N
0	23	57996	7	10000	EDUCATION	3	N
1	32	81400	2	20000	VENTURE	6	Y
0	30	39600	5	3000	DEBTCONSOLIDATION	10	N
0	33	47360	5	4500	PERSONAL	5	N
0	27	24000	5	1200	MEDICAL	7	N
0	24	75000	8	29800	HOMEIMPROVEMENT	4	N
1	22	36000	3	7000	DEBTCONSOLIDATION	3	N
1	36	57000	11	1500	HOMEIMPROVEMENT	16	N
0	28	52000	0	7000	DEBTCONSOLIDATION	9	N
0	23	42000	2	3000	MEDICAL	3	N
0	23	30000	0	3000	MEDICAL	3	N
0	28	43344	4	10000	PERSONAL	9	N
1	26	30000	6	8000	HOMEIMPROVEMENT	3	N
1	27	39996	5	9600	MEDICAL	9	N
0	24	35000	0	6000	VENTURE	4	Y
0	27	100000	0	18000	VENTURE	5	N
1	29	33996	0	9000	DEBTCONSOLIDATION	9	Y
0	42	31000	5	7200	DEBTCONSOLIDATION	16	N
1	22	28800	2	14000	VENTURE	2	N
0	31	45000	12	6000	PERSONAL	9	N
0	23	75996	7	15000	MEDICAL	2	N
1	23	13200	0	3000	DEBTCONSOLIDATION	3	N
1	25	22000	3	7200	VENTURE	2	N
0	21	40000	3	8000	DEBTCONSOLIDATION	4	N
0	28	35496	5	5500	DEBTCONSOLIDATION	5	N
0	40	51500	1	12000	VENTURE	15	N
0	24	60000	0	8000	EDUCATION	3	N
1	27	15600	11	2800	HOMEIMPROVEMENT	5	N
0	24	50793	6	5000	PERSONAL	4	N
0	28	52260	4	9000	EDUCATION	7	N
0	25	39600	2	12000	MEDICAL	2	N
0	29	35000	11	5000	VENTURE	9	N
1	23	55000	3	19200	EDUCATION	4	N
0	23	38667	2	4800	MEDICAL	4	N
0	21	33000	0	3500	MEDICAL	4	N
1	33	61200	3	7000	MEDICAL	8	Y
0	34	39000	5	12000	HOMEIMPROVEMENT	6	N
0	31	45000	15	15000	HOMEIMPROVEMENT	5	Y
0	23	80000	5	15000	VENTURE	4	N
0	25	56000	2	5000	DEBTCONSOLIDATION	4	N
1	29	12000	1	4500	EDUCATION	9	N
0	22	62500	0	11100	PERSONAL	3	Y
0	28	55000	7	8000	MEDICAL	8	N
0	23	38400	7	6000	PERSONAL	3	Y
0	23	62000	2	4200	MEDICAL	3	N
0	44	37000	0	3500	PERSONAL	13	N
0	22	53591	6	13750	EDUCATION	2	N
0	26	60000	3	11500	PERSONAL	2	N
0	25	36000	1	6600	MEDICAL	4	N
1	24	24000	1	3600	DEBTCONSOLIDATION	4	N
0	37	61260	2	6350	MEDICAL	14	N
0	37	20800	3	4000	VENTURE	16	N
1	25	29120	0	6400	HOMEIMPROVEMENT	2	N
0	24	44208	2	7000	VENTURE	3	N
0	26	90000	2	9600	DEBTCONSOLIDATION	4	Y
0	26	55000	1	3000	DEBTCONSOLIDATION	2	N
1	26	28000	2	3250	HOMEIMPROVEMENT	4	N
1	24	78000	4	30000	DEBTCONSOLIDATION	4	Y
0	21	33009	5	12000	VENTURE	4	N
0	21	22000	5	7350	VENTURE	2	N
1	25	30000	9	9000	DEBTCONSOLIDATION	4	Y
1	45	60000	4	25000	DEBTCONSOLIDATION	16	N
0	25	32000	2	1500	DEBTCONSOLIDATION	4	N
0	32	33078	4	10000	PERSONAL	8	N
1	27	39000	4	7200	DEBTCONSOLIDATION	5	N
0	24	70000	8	24250	PERSONAL	2	N
0	24	90000	0	10000	DEBTCONSOLIDATION	2	N
0	25	32000	4	5100	VENTURE	3	N
0	23	55000	0	5500	PERSONAL	4	N
0	22	52000	0	20000	EDUCATION	3	Y
0	26	54000	5	14000	PERSONAL	3	N
0	22	48526	0	13500	EDUCATION	3	N
0	23	38000	3	4000	MEDICAL	4	N
0	23	27996	1	4200	EDUCATION	4	Y
0	39	28800	4	3250	PERSONAL	16	N
0	23	32388	0	6000	EDUCATION	4	N
1	25	19404	0	4000	DEBTCONSOLIDATION	3	N
1	25	44000	7	7500	MEDICAL	3	N
0	23	50000	3	10000	EDUCATION	3	N
0	25	50000	3	4800	HOMEIMPROVEMENT	2	Y
1	26	34000	4	4200	PERSONAL	3	Y
0	23	75000	3	13200	VENTURE	4	N
0	26	33600	0	5400	PERSONAL	4	N
1	39	44000	11	1800	MEDICAL	17	N
1	25	54000	7	10700	HOMEIMPROVEMENT	2	Y
0	30	80000	0	11000	HOMEIMPROVEMENT	6	N
0	34	39996	6	1200	DEBTCONSOLIDATION	8	N
1	30	30809	1	11200	EDUCATION	7	N
0	22	40000	0	2100	DEBTCONSOLIDATION	2	N
0	23	50004	3	5600	EDUCATION	4	N
0	26	22800	4	5000	DEBTCONSOLIDATION	4	N
0	23	62000	1	10000	DEBTCONSOLIDATION	2	N
0	26	21000	4	8000	EDUCATION	3	Y
0	25	42900	9	9000	MEDICAL	4	N
1	23	54000	5	6000	DEBTCONSOLIDATION	4	Y
0	21	53684	5	16000	EDUCATION	4	Y
1	23	48000	2	15000	DEBTCONSOLIDATION	3	N
0	30	52800	14	15000	VENTURE	5	N
0	33	66500	1	9200	PERSONAL	7	N
0	28	58600	1	4550	HOMEIMPROVEMENT	8	N
0	25	83195	9	13000	PERSONAL	3	N
1	28	78000	4	24000	HOMEIMPROVEMENT	8	N
0	28	78000	5	12000	DEBTCONSOLIDATION	5	N
0	25	57500	5	12275	HOMEIMPROVEMENT	3	N
0	23	51600	1	5000	DEBTCONSOLIDATION	3	N
0	25	75600	7	15000	MEDICAL	3	Y
0	24	83004	6	25000	DEBTCONSOLIDATION	2	N
0	34	25800	18	10000	EDUCATION	9	N
1	31	10800	4	2000	VENTURE	5	Y
1	34	30636	4	10000	DEBTCONSOLIDATION	10	N
1	29	74797	2	15000	MEDICAL	10	Y
0	22	45000	3	4000	EDUCATION	3	N
0	39	40800	0	3500	HOMEIMPROVEMENT	14	N
0	27	48000	4	4200	DEBTCONSOLIDATION	5	N
0	37	69996	5	20400	MEDICAL	11	Y
1	22	48996	0	8000	PERSONAL	2	Y
0	33	58000	0	14400	VENTURE	5	N
0	30	50000	3	5000	PERSONAL	5	N
1	25	12000	0	3000	MEDICAL	3	N
0	35	45000	3	5500	MEDICAL	6	N
0	28	15600	0	1200	EDUCATION	8	N
1	25	21000	2	4500	EDUCATION	4	Y
1	29	39000	2	6000	PERSONAL	5	N
0	23	54000	5	8500	VENTURE	2	N
0	23	70000	7	13000	PERSONAL	3	N
1	40	54996	6	6000	PERSONAL	14	N
0	26	44000	7	10000	PERSONAL	4	N
1	24	35000	8	19000	DEBTCONSOLIDATION	2	N
0	30	50000	0	10000	EDUCATION	10	N
0	22	53000	6	7750	DEBTCONSOLIDATION	4	N
0	27	33600	1	3000	MEDICAL	9	Y
1	31	50000	2	18000	MEDICAL	9	Y
0	23	42000	0	8500	EDUCATION	3	N
1	26	30000	8	9000	EDUCATION	2	N
0	36	25000	0	3000	HOMEIMPROVEMENT	12	N
1	21	32000	0	12000	PERSONAL	4	N
1	29	18000	5	5375	HOMEIMPROVEMENT	9	N
0	26	63180	4	5825	HOMEIMPROVEMENT	2	Y
1	22	26000	5	11200	PERSONAL	3	N
1	21	59000	4	5000	MEDICAL	3	N
1	23	56000	7	8000	VENTURE	2	Y
0	22	54000	6	12000	DEBTCONSOLIDATION	4	N
0	22	50004	6	12000	PERSONAL	2	N
0	25	23040	0	3200	DEBTCONSOLIDATION	2	N
0	30	65000	11	12800	PERSONAL	6	N
0	21	42000	0	10400	DEBTCONSOLIDATION	4	N
0	25	57300	2	10400	HOMEIMPROVEMENT	4	Y
1	22	34500	2	5000	DEBTCONSOLIDATION	2	Y
0	32	39600	2	8000	MEDICAL	10	N
0	21	38400	5	10000	EDUCATION	4	N
0	29	44875	0	7500	MEDICAL	8	N
0	24	58800	4	9000	EDUCATION	2	N
1	31	40500	0	12500	MEDICAL	7	N
0	29	78000	2	18000	PERSONAL	5	N
0	28	40000	12	11200	HOMEIMPROVEMENT	9	N
0	21	27000	3	9600	MEDICAL	2	Y
1	32	63000	9	8000	DEBTCONSOLIDATION	5	N
0	41	70000	2	14000	EDUCATION	13	Y
1	26	54000	7	25000	DEBTCONSOLIDATION	2	Y
1	27	24000	2	8000	DEBTCONSOLIDATION	7	N
0	30	60000	8	7400	MEDICAL	8	N
0	24	44000	3	3500	EDUCATION	2	N
0	25	30000	2	2000	MEDICAL	2	N
1	29	32000	6	10800	MEDICAL	5	N
0	26	62000	2	12000	PERSONAL	4	N
0	31	75000	4	18000	HOMEIMPROVEMENT	6	N
0	26	68000	6	21000	PERSONAL	4	N
0	34	72000	2	13150	MEDICAL	10	N
0	36	40000	8	6000	EDUCATION	17	N
0	32	48000	8	5200	HOMEIMPROVEMENT	5	N
0	32	69900	16	18000	PERSONAL	8	N
0	23	54000	0	3600	MEDICAL	3	N
0	22	65000	6	16000	DEBTCONSOLIDATION	3	Y
0	24	24996	0	4000	EDUCATION	2	N
0	26	97700	1	10400	DEBTCONSOLIDATION	3	N
0	32	72000	0	24000	DEBTCONSOLIDATION	8	N
0	25	60000	3	8000	MEDICAL	4	N
0	29	62500	13	5000	MEDICAL	5	N
0	35	40000	6	5100	DEBTCONSOLIDATION	5	Y
1	28	34000	3	3000	MEDICAL	10	N
0	31	66000	11	10500	HOMEIMPROVEMENT	10	N
0	32	39000	4	4500	MEDICAL	7	N
0	43	42000	4	7000	EDUCATION	16	Y
0	44	68500	4	14300	PERSONAL	17	N
1	24	48600	1	8000	EDUCATION	4	N
0	34	53000	9	9600	HOMEIMPROVEMENT	10	N
0	24	50004	4	7200	DEBTCONSOLIDATION	3	Y
0	24	73440	7	7000	HOMEIMPROVEMENT	4	N
1	29	40000	2	23500	DEBTCONSOLIDATION	8	N
0	23	50000	4	15250	VENTURE	3	N
0	22	37200	2	10000	EDUCATION	2	N
0	29	52000	3	10800	DEBTCONSOLIDATION	5	N
0	26	45000	1	6000	EDUCATION	2	N
1	33	88296	0	15000	DEBTCONSOLIDATION	8	N
0	50	42000	3	10000	HOMEIMPROVEMENT	13	Y
1	26	54000	8	5000	MEDICAL	4	Y
0	22	40000	4	8000	EDUCATION	2	N
0	25	32496	9	7200	MEDICAL	4	N
0	23	48000	5	5000	EDUCATION	2	Y
0	22	80000	5	9500	MEDICAL	2	N
1	22	74800	3	20000	MEDICAL	4	Y
0	28	65004	7	9000	MEDICAL	5	N
1	24	74000	1	10000	HOMEIMPROVEMENT	2	N
1	26	37000	0	14000	PERSONAL	4	N
1	31	54000	12	15000	HOMEIMPROVEMENT	5	N
0	22	33600	1	5000	MEDICAL	2	N
0	29	52000	9	10000	PERSONAL	8	N
1	24	56000	1	10000	VENTURE	4	N
1	27	78300	11	9000	HOMEIMPROVEMENT	5	N
1	21	28000	1	9700	HOMEIMPROVEMENT	2	N
0	26	61000	3	7500	PERSONAL	4	N
0	27	35000	2	2400	VENTURE	9	N
0	22	37000	0	8000	EDUCATION	2	N
0	24	41160	2	4000	DEBTCONSOLIDATION	3	N
0	27	28560	7	2400	PERSONAL	8	N
1	32	26400	12	12000	VENTURE	9	N
0	23	21000	2	3000	VENTURE	3	N
0	30	84000	4	14000	MEDICAL	6	N
0	24	103000	8	21000	DEBTCONSOLIDATION	3	Y
1	28	14400	0	3600	EDUCATION	6	N
0	22	80000	6	10000	DEBTCONSOLIDATION	4	N
0	25	45600	5	12000	MEDICAL	4	N
1	24	79631	8	25000	PERSONAL	2	Y
1	23	58000	7	7200	MEDICAL	2	N
0	33	62800	3	16000	PERSONAL	5	Y
0	21	78000	3	9600	DEBTCONSOLIDATION	3	Y
1	26	59000	2	18000	VENTURE	4	N
1	22	34000	2	7500	MEDICAL	4	Y
0	22	50004	6	10000	PERSONAL	2	N
0	27	46000	3	18000	MEDICAL	8	N
0	30	54000	8	10000	HOMEIMPROVEMENT	10	N
1	42	36000	7	8400	MEDICAL	15	Y
0	25	30000	4	1400	MEDICAL	2	N
0	35	41235	7	3000	MEDICAL	9	N
1	25	74004	2	20000	PERSONAL	4	Y
0	32	55000	4	6500	HOMEIMPROVEMENT	10	N
0	37	105000	2	25000	EDUCATION	15	N
1	24	58650	1	10000	MEDICAL	4	N
0	26	75000	0	12000	MEDICAL	3	N
0	26	47000	0	3000	PERSONAL	2	N
0	35	94500	0	12000	MEDICAL	7	N
0	33	97000	0	25000	HOMEIMPROVEMENT	6	N
0	27	24840	0	11500	MEDICAL	6	N
0	26	58000	2	3000	PERSONAL	4	N
0	23	43200	6	13000	VENTURE	2	N
1	28	28800	1	15000	EDUCATION	8	Y
0	24	47088	8	4000	DEBTCONSOLIDATION	4	N
0	29	45000	13	13000	EDUCATION	9	N
0	33	72000	0	6600	DEBTCONSOLIDATION	9	N
1	25	69000	1	8000	PERSONAL	2	N
1	22	34000	1	6500	PERSONAL	3	Y
0	21	36000	5	2800	PERSONAL	2	N
0	46	30000	13	3050	VENTURE	14	N
0	25	77800	9	30000	PERSONAL	4	N
0	25	60000	3	5000	DEBTCONSOLIDATION	3	N
0	24	80000	8	25000	PERSONAL	2	Y
1	30	20800	0	7250	MEDICAL	10	N
1	28	40000	0	12000	DEBTCONSOLIDATION	7	N
0	34	73600	10	15000	HOMEIMPROVEMENT	7	N
0	25	50606	3	6200	MEDICAL	4	N
0	23	50004	5	8000	MEDICAL	4	N
0	26	43200	5	3200	EDUCATION	4	Y
0	30	57000	4	7500	VENTURE	5	N
1	22	62250	3	24000	PERSONAL	4	Y
1	25	21600	0	5200	MEDICAL	3	N
0	24	42000	2	10000	EDUCATION	3	N
0	30	28800	6	6250	PERSONAL	9	N
0	26	104000	0	20000	DEBTCONSOLIDATION	2	N
0	30	45000	2	13250	VENTURE	10	N
0	37	47004	5	8000	EDUCATION	12	N
0	21	24300	3	4500	MEDICAL	4	N
0	23	34800	1	1000	VENTURE	4	N
0	22	36000	4	5000	DEBTCONSOLIDATION	4	Y
0	32	35000	4	10000	EDUCATION	6	N
0	22	39500	3	11000	DEBTCONSOLIDATION	2	Y
0	26	40720	4	10000	PERSONAL	3	Y
0	25	65000	9	18000	HOMEIMPROVEMENT	3	N
0	32	70000	1	9450	DEBTCONSOLIDATION	10	N
0	34	42994	7	7675	EDUCATION	8	N
0	32	33600	0	8000	VENTURE	8	N
0	40	46000	5	10000	HOMEIMPROVEMENT	14	N
0	28	64000	1	10000	HOMEIMPROVEMENT	8	Y
0	26	30000	0	4000	EDUCATION	3	N
1	24	30972	1	2000	VENTURE	2	N
0	23	40000	2	3500	VENTURE	4	N
0	25	28800	0	5000	EDUCATION	2	N
0	26	63000	2	8000	VENTURE	2	N
1	23	29976	3	15000	PERSONAL	4	N
0	28	30000	4	7500	DEBTCONSOLIDATION	7	N
1	38	50000	8	20000	MEDICAL	14	N
0	31	20000	5	5000	VENTURE	5	N
1	31	62050	5	5800	MEDICAL	10	Y
0	27	43000	11	3000	PERSONAL	7	N
1	23	27600	3	9000	VENTURE	3	Y
0	25	59000	0	10000	VENTURE	3	N
0	37	25000	8	10625	VENTURE	12	Y
0	25	21000	0	5175	VENTURE	4	N
0	22	70000	2	18750	DEBTCONSOLIDATION	2	N
1	22	34900	4	3600	DEBTCONSOLIDATION	4	N
0	22	110196	6	25000	MEDICAL	3	N
0	35	53500	1	20000	VENTURE	7	Y
0	33	70000	6	12000	PERSONAL	5	Y
0	32	55000	4	8000	HOMEIMPROVEMENT	8	N
1	23	42000	3	8000	HOMEIMPROVEMENT	2	N
0	25	86004	1	15000	PERSONAL	4	N
0	29	39600	0	5600	EDUCATION	8	N
1	22	52000	6	10000	PERSONAL	4	Y
0	30	62500	8	15000	MEDICAL	10	N
1	25	63996	9	14000	DEBTCONSOLIDATION	2	Y
0	26	50400	10	15000	HOMEIMPROVEMENT	2	N
1	23	40000	0	15000	VENTURE	4	N
0	32	35000	2	6000	VENTURE	9	N
0	22	33600	1	5000	DEBTCONSOLIDATION	2	N
1	24	44000	4	2200	HOMEIMPROVEMENT	4	N
0	22	75000	2	19600	EDUCATION	3	N
0	26	53000	7	9600	VENTURE	2	N
1	24	24000	3	10000	VENTURE	2	N
0	24	31944	8	7200	MEDICAL	2	N
0	29	30000	0	2000	DEBTCONSOLIDATION	7	N
0	23	45000	2	6000	VENTURE	3	N
0	26	94800	10	14000	DEBTCONSOLIDATION	4	N
1	25	64000	0	20000	HOMEIMPROVEMENT	4	N
0	25	30000	9	3000	VENTURE	4	N
1	23	42000	5	2000	EDUCATION	2	Y
0	23	90000	0	8000	DEBTCONSOLIDATION	3	Y
1	22	13440	1	4800	MEDICAL	4	N
0	24	48000	5	17000	HOMEIMPROVEMENT	4	N
0	47	92000	0	12000	HOMEIMPROVEMENT	12	N
0	24	78400	5	17400	VENTURE	2	N
0	45	33600	14	4000	VENTURE	11	N
0	25	49600	9	12000	MEDICAL	3	N
0	21	70000	6	6000	DEBTCONSOLIDATION	3	N
0	25	38000	9	5400	HOMEIMPROVEMENT	2	N
0	24	60000	6	14000	HOMEIMPROVEMENT	2	N
1	22	34000	4	7750	PERSONAL	2	N
0	30	27996	5	8000	PERSONAL	8	N
0	26	110000	9	20000	PERSONAL	3	N
0	25	54000	2	14000	PERSONAL	4	N
0	39	47471	5	5000	DEBTCONSOLIDATION	14	N
0	25	63000	9	20000	HOMEIMPROVEMENT	2	N
1	25	49000	1	12000	DEBTCONSOLIDATION	2	N
0	24	75000	8	10000	PERSONAL	3	N
0	31	45000	0	4000	EDUCATION	6	N
0	29	100000	0	20000	PERSONAL	6	Y
0	23	50000	3	10000	EDUCATION	4	N
0	28	45000	6	3600	MEDICAL	7	N
1	22	36000	6	13000	DEBTCONSOLIDATION	4	N
0	25	30000	4	3000	MEDICAL	4	N
0	23	39000	6	5000	EDUCATION	3	N
0	33	30929	12	5300	EDUCATION	7	N
0	24	41745	2	3200	PERSONAL	3	N
0	25	96000	6	21000	HOMEIMPROVEMENT	3	N
1	32	25000	4	11700	MEDICAL	10	Y
0	26	36000	1	10200	PERSONAL	4	N
0	28	20292	3	3900	VENTURE	9	N
0	26	28000	6	5100	EDUCATION	4	N
0	24	50000	2	4800	VENTURE	4	N
0	27	49000	0	11000	MEDICAL	10	N
1	23	77200	4	22000	EDUCATION	2	N
0	41	72000	1	10000	HOMEIMPROVEMENT	11	N
0	27	29120	2	4000	EDUCATION	5	N
1	23	30000	4	4000	MEDICAL	2	N
1	23	45504	2	14500	PERSONAL	3	N
0	23	45000	0	21000	VENTURE	3	N
0	28	60000	4	4800	DEBTCONSOLIDATION	5	N
1	22	57175	6	16000	HOMEIMPROVEMENT	4	N
0	30	37000	2	10000	VENTURE	6	N
0	36	64583	2	10000	HOMEIMPROVEMENT	14	N
1	27	45150	1	18000	VENTURE	7	N
0	32	77500	3	13000	PERSONAL	10	N
0	27	50000	0	12000	MEDICAL	9	N
0	27	30000	2	8600	EDUCATION	8	N
1	22	48000	5	15000	MEDICAL	4	N
0	30	38000	0	6000	EDUCATION	7	N
1	28	91800	4	20000	MEDICAL	6	N
0	25	42000	9	3250	HOMEIMPROVEMENT	3	N
1	25	43633	3	9000	DEBTCONSOLIDATION	3	N
0	23	66000	2	12000	VENTURE	4	N
0	30	32400	0	9000	PERSONAL	10	N
1	26	36000	2	6000	HOMEIMPROVEMENT	2	N
0	45	36000	1	4300	VENTURE	17	Y
0	25	44966	3	10025	MEDICAL	4	N
0	28	75000	6	20000	HOMEIMPROVEMENT	5	N
0	24	60140	2	7000	DEBTCONSOLIDATION	4	N
0	29	35000	14	8000	EDUCATION	9	Y
0	32	75000	12	12000	HOMEIMPROVEMENT	5	N
0	33	39504	17	3000	PERSONAL	9	N
0	26	47004	9	2500	MEDICAL	3	Y
0	37	103000	3	18550	DEBTCONSOLIDATION	12	N
0	23	45984	7	5000	VENTURE	4	N
1	27	38004	5	15000	EDUCATION	10	N
0	25	103000	4	29175	PERSONAL	2	N
0	28	68000	0	12000	EDUCATION	9	Y
0	24	32700	8	4200	EDUCATION	2	N
1	25	34000	7	9600	PERSONAL	2	N
1	23	29856	0	10300	PERSONAL	2	N
1	28	50000	2	2000	MEDICAL	7	N
1	29	30992	3	8000	EDUCATION	9	N
1	25	39000	1	16050	HOMEIMPROVEMENT	3	Y
0	22	33000	1	2000	DEBTCONSOLIDATION	3	N
0	33	117000	2	18000	HOMEIMPROVEMENT	8	N
0	30	25000	10	6400	PERSONAL	8	N
0	25	76000	3	20000	EDUCATION	2	N
0	25	58000	5	14000	MEDICAL	3	Y
0	26	61000	4	8000	PERSONAL	2	N
0	28	60000	4	10000	HOMEIMPROVEMENT	9	N
0	30	54000	5	5000	EDUCATION	5	N
0	25	50000	5	4000	DEBTCONSOLIDATION	4	N
0	28	60000	12	4600	DEBTCONSOLIDATION	8	N
1	49	77000	4	16000	DEBTCONSOLIDATION	12	Y
1	21	32000	2	8400	DEBTCONSOLIDATION	4	Y
0	24	50000	4	14400	DEBTCONSOLIDATION	2	N
0	31	87000	7	15000	HOMEIMPROVEMENT	8	Y
0	27	37000	5	8000	HOMEIMPROVEMENT	10	N
1	22	19200	6	4400	PERSONAL	2	N
0	26	48000	7	10000	MEDICAL	3	N
1	30	64600	8	8000	MEDICAL	6	Y
0	39	45000	2	3000	PERSONAL	15	N
0	23	25596	2	4500	MEDICAL	4	N
0	22	60500	3	7000	EDUCATION	3	Y
0	32	56000	5	10000	PERSONAL	8	N
0	28	72000	9	18000	HOMEIMPROVEMENT	8	N
0	22	40000	0	7000	DEBTCONSOLIDATION	2	N
0	47	85000	3	10000	HOMEIMPROVEMENT	15	N
0	23	38000	0	17500	VENTURE	4	N
0	31	65000	3	10000	DEBTCONSOLIDATION	6	N
0	21	40000	2	2000	EDUCATION	3	N
0	31	46000	0	10000	MEDICAL	7	N
0	22	48048	2	5000	MEDICAL	4	N
0	21	33009	5	12000	VENTURE	4	N
0	32	60000	3	2375	MEDICAL	7	N
0	40	61500	3	8000	PERSONAL	17	N
0	25	28000	6	4000	VENTURE	3	N
0	24	53000	4	15000	VENTURE	2	N
0	28	62000	3	9300	DEBTCONSOLIDATION	5	Y
0	37	46996	2	13750	EDUCATION	13	N
1	49	69000	0	16000	HOMEIMPROVEMENT	12	Y
0	24	110000	7	25000	HOMEIMPROVEMENT	2	Y
0	22	27560	6	2800	EDUCATION	4	N
0	25	31200	4	4200	MEDICAL	3	N
1	28	49000	2	3600	VENTURE	9	Y
1	26	17280	0	3000	HOMEIMPROVEMENT	4	N
0	23	103000	6	24250	PERSONAL	2	N
0	32	60000	7	7000	HOMEIMPROVEMENT	8	N
0	44	73500	2	20000	VENTURE	17	N
0	31	36900	15	1600	HOMEIMPROVEMENT	8	N
1	28	28080	0	12000	DEBTCONSOLIDATION	5	N
0	33	25000	0	3000	DEBTCONSOLIDATION	6	Y
0	39	60000	4	4300	DEBTCONSOLIDATION	17	N
1	27	15600	0	6400	EDUCATION	9	N
0	29	70004	0	12500	EDUCATION	7	N
0	36	75000	6	10000	MEDICAL	13	N
0	23	30000	6	4800	DEBTCONSOLIDATION	4	N
0	29	25000	5	7475	DEBTCONSOLIDATION	6	N
0	21	24996	5	5000	VENTURE	2	N
0	26	83000	1	12000	DEBTCONSOLIDATION	3	N
1	25	77000	1	7200	DEBTCONSOLIDATION	3	N
0	27	47380	11	15000	HOMEIMPROVEMENT	9	Y
0	24	50004	2	10000	VENTURE	4	Y
0	25	22812	5	4125	EDUCATION	2	Y
1	28	30000	1	14500	MEDICAL	8	N
0	23	37440	8	8000	EDUCATION	2	N
1	61	10636	3	4000	PERSONAL	25	N
1	22	36021	0	15000	VENTURE	3	N
1	22	23800	2	8800	VENTURE	4	N
0	24	72000	1	12000	PERSONAL	2	N
0	47	53808	4	15000	VENTURE	17	N
0	21	28800	0	5000	DEBTCONSOLIDATION	3	N
0	27	31200	4	15000	EDUCATION	10	Y
0	24	54000	8	13000	PERSONAL	2	N
0	33	90000	0	12000	DEBTCONSOLIDATION	6	N
1	25	59000	9	20000	EDUCATION	2	N
0	38	65004	1	8000	DEBTCONSOLIDATION	11	N
1	22	54000	5	3200	HOMEIMPROVEMENT	4	Y
0	24	72000	8	8000	DEBTCONSOLIDATION	3	N
1	27	45000	1	14000	EDUCATION	9	N
0	24	52000	3	4000	DEBTCONSOLIDATION	3	N
0	32	42000	15	1800	MEDICAL	9	N
1	24	40800	6	17500	MEDICAL	4	N
1	27	116000	4	25000	PERSONAL	6	N
0	30	60000	7	6000	DEBTCONSOLIDATION	5	Y
0	32	28000	5	7500	HOMEIMPROVEMENT	6	N
0	38	75000	13	20000	VENTURE	11	N
0	30	36000	6	10000	MEDICAL	10	N
0	29	80000	14	25000	HOMEIMPROVEMENT	7	N
1	23	14400	2	5000	VENTURE	3	N
0	24	25000	0	5625	DEBTCONSOLIDATION	4	N
0	21	26000	4	7750	EDUCATION	3	Y
0	43	41000	7	6000	MEDICAL	16	Y
0	26	30000	2	3500	VENTURE	2	N
0	54	39000	4	20000	PERSONAL	19	N
0	24	60000	2	12000	MEDICAL	2	N
0	24	80000	2	20000	PERSONAL	4	N
0	21	30000	0	1000	EDUCATION	4	N
1	23	26000	0	10000	HOMEIMPROVEMENT	3	Y
1	23	108366	7	35000	HOMEIMPROVEMENT	2	N
1	27	53550	3	4200	MEDICAL	8	N
0	23	80196	2	30000	PERSONAL	3	N
0	28	40000	6	10500	EDUCATION	6	N
0	31	35000	1	4000	VENTURE	5	N
0	31	54000	1	4800	MEDICAL	10	Y
0	24	57500	4	2525	DEBTCONSOLIDATION	4	Y
0	22	53000	2	6500	EDUCATION	4	N
0	25	38014	4	10000	HOMEIMPROVEMENT	3	N
0	22	60000	1	6750	MEDICAL	4	N
0	26	34000	1	8500	MEDICAL	3	N
0	22	24432	0	2000	EDUCATION	4	N
1	24	40000	4	14000	MEDICAL	3	Y
0	28	75000	5	11000	PERSONAL	9	N
0	23	100000	1	25000	VENTURE	3	N
0	26	14400	4	2000	PERSONAL	2	N
0	24	12360	2	1600	MEDICAL	3	N
0	34	23000	2	2500	PERSONAL	7	N
1	28	33600	9	14000	EDUCATION	5	Y
0	28	80000	3	17000	HOMEIMPROVEMENT	8	Y
0	25	35000	3	5000	MEDICAL	3	N
0	23	28800	6	5000	MEDICAL	3	N
0	26	85757	0	7800	MEDICAL	3	N
1	30	72000	5	25000	VENTURE	5	Y
0	24	78000	4	14500	PERSONAL	4	N
0	22	65000	6	9600	PERSONAL	4	Y
1	28	20000	2	4000	HOMEIMPROVEMENT	6	N
1	37	40680	6	8000	DEBTCONSOLIDATION	13	N
0	37	93000	2	18000	VENTURE	11	N
1	34	45996	4	18000	DEBTCONSOLIDATION	9	N
0	33	39600	0	3000	PERSONAL	7	N
0	30	32400	13	6500	VENTURE	5	N
1	34	39000	5	7200	HOMEIMPROVEMENT	5	N
0	30	54000	6	5375	MEDICAL	5	N
0	32	38000	3	6350	VENTURE	6	N
0	27	26000	11	5000	MEDICAL	9	N
0	34	55000	7	9000	VENTURE	6	N
0	30	48000	3	9000	HOMEIMPROVEMENT	7	N
0	22	70000	4	9000	EDUCATION	2	N
1	23	52000	7	5000	PERSONAL	2	N
1	22	40000	1	16000	EDUCATION	3	N
0	26	51000	2	4000	MEDICAL	4	N
0	28	55000	12	7000	MEDICAL	6	N
0	24	45000	0	3600	MEDICAL	4	N
1	24	49000	8	7000	EDUCATION	3	N
0	32	57000	11	9000	MEDICAL	5	Y
1	29	56100	0	3150	MEDICAL	10	N
0	34	26400	0	3600	MEDICAL	9	N
0	30	49000	3	3500	MEDICAL	5	N
1	29	32000	1	6525	MEDICAL	9	Y
0	24	34860	0	2000	VENTURE	2	N
0	26	54600	4	8000	HOMEIMPROVEMENT	4	Y
0	22	36000	4	5000	EDUCATION	2	N
0	25	24000	2	5000	DEBTCONSOLIDATION	3	N
0	31	41558	3	7750	EDUCATION	7	N
0	21	37200	5	4000	MEDICAL	4	Y
0	22	42000	4	10000	EDUCATION	4	N
0	30	75000	6	11200	MEDICAL	5	Y
1	23	76500	0	8000	DEBTCONSOLIDATION	4	N
0	32	58000	3	8000	VENTURE	10	N
1	36	65004	3	20000	EDUCATION	15	N
0	27	87000	11	21125	VENTURE	5	N
0	23	55000	1	3800	MEDICAL	4	N
0	29	50004	1	1500	HOMEIMPROVEMENT	6	Y
0	27	36200	2	3600	DEBTCONSOLIDATION	10	N
0	23	26000	1	4000	EDUCATION	4	N
0	26	70000	6	12000	HOMEIMPROVEMENT	4	N
0	24	28500	4	3500	VENTURE	3	N
1	26	24000	10	5000	MEDICAL	3	N
1	24	54000	5	21600	VENTURE	2	N
1	21	42500	3	25000	EDUCATION	3	Y
0	29	33000	5	4200	VENTURE	9	N
0	27	80000	7	7400	DEBTCONSOLIDATION	7	N
1	21	52000	5	16000	PERSONAL	4	N
0	24	62500	5	11500	EDUCATION	3	N
0	38	50000	4	10000	VENTURE	11	N
0	36	76464	8	20000	MEDICAL	12	Y
1	39	39000	7	1500	DEBTCONSOLIDATION	16	N
1	26	29000	1	1000	EDUCATION	3	N
0	23	75000	0	10000	PERSONAL	4	N
0	37	45000	1	7200	MEDICAL	11	N
0	29	40000	8	8000	EDUCATION	10	N
0	21	35000	1	4950	MEDICAL	4	N
0	24	67000	0	4000	DEBTCONSOLIDATION	3	N
1	35	26000	3	8000	PERSONAL	6	N
0	25	70000	9	20000	VENTURE	2	N
0	33	86000	5	15000	PERSONAL	9	N
1	22	19000	6	3625	MEDICAL	3	N
0	22	44160	7	12000	VENTURE	2	Y
1	23	16000	7	6000	MEDICAL	2	N
0	22	44400	3	12800	VENTURE	4	N
1	24	33600	1	7800	PERSONAL	4	N
1	22	43000	6	13500	PERSONAL	3	N
0	22	54996	6	2500	DEBTCONSOLIDATION	4	Y
0	31	40351	12	7200	PERSONAL	9	N
0	29	36100	2	14000	PERSONAL	5	N
0	25	73000	9	9000	DEBTCONSOLIDATION	4	N
0	22	68000	6	11000	EDUCATION	4	N
0	27	45000	2	3000	EDUCATION	10	N
0	22	46000	6	6000	EDUCATION	4	Y
0	21	41004	5	1500	EDUCATION	3	N
1	25	36000	9	8000	PERSONAL	2	Y
0	27	43200	2	5000	VENTURE	8	N
0	31	52000	0	25000	VENTURE	7	N
0	23	60000	6	5000	DEBTCONSOLIDATION	3	N
0	25	45000	2	4800	PERSONAL	4	N
0	32	90000	2	10000	DEBTCONSOLIDATION	8	N
0	35	24000	2	6000	DEBTCONSOLIDATION	7	N
0	25	54000	6	7000	VENTURE	3	N
0	25	60000	3	17000	PERSONAL	2	N
0	21	52769	5	11000	EDUCATION	4	N
0	24	48000	4	5000	VENTURE	4	N
0	27	80000	5	35000	PERSONAL	8	N
0	25	45000	9	12000	DEBTCONSOLIDATION	3	N
0	25	42000	2	12000	EDUCATION	4	N
0	27	28800	6	5000	MEDICAL	5	Y
1	23	83000	7	24175	EDUCATION	2	N
0	32	83196	1	9350	MEDICAL	8	N
1	23	48000	8	4000	PERSONAL	3	N
1	23	82800	1	12000	HOMEIMPROVEMENT	2	N
0	22	31200	1	3200	VENTURE	2	N
1	24	23000	1	7200	DEBTCONSOLIDATION	2	N
0	33	53000	4	3600	DEBTCONSOLIDATION	5	N
0	22	72204	6	18000	VENTURE	3	N
0	23	43000	7	15600	VENTURE	4	N
0	29	120000	8	28000	MEDICAL	8	N
0	24	34000	8	10000	VENTURE	3	Y
0	26	75000	0	3600	HOMEIMPROVEMENT	4	N
0	29	63000	13	15000	HOMEIMPROVEMENT	7	N
0	22	29004	3	5000	VENTURE	4	N
1	22	41838	0	6600	PERSONAL	3	N
0	28	29004	5	4800	VENTURE	7	Y
0	24	45000	8	7500	MEDICAL	3	N
0	23	42000	2	4550	EDUCATION	4	N
0	37	31200	5	3000	EDUCATION	16	N
0	41	24000	3	4500	EDUCATION	12	Y
1	46	88400	1	30000	MEDICAL	16	N
1	23	65000	7	20000	VENTURE	3	N
0	23	36000	7	11300	EDUCATION	2	N
0	34	75000	2	8400	DEBTCONSOLIDATION	8	Y
0	80	64000	7	6800	MEDICAL	25	N
0	23	50000	4	4800	VENTURE	3	N
0	29	42000	1	5000	PERSONAL	6	N
0	33	38400	1	8000	EDUCATION	7	Y
1	27	44004	2	6000	PERSONAL	5	Y
0	25	51492	2	13800	EDUCATION	4	N
0	24	91800	4	25000	PERSONAL	3	Y
1	32	64000	11	25000	DEBTCONSOLIDATION	5	N
0	34	62000	18	28000	HOMEIMPROVEMENT	10	N
1	29	36000	1	12000	DEBTCONSOLIDATION	9	N
0	25	40000	0	8000	EDUCATION	4	N
1	33	75653	2	20000	MEDICAL	8	N
0	23	85000	6	25000	PERSONAL	4	N
0	27	39000	1	9000	MEDICAL	8	N
0	29	85500	3	9500	HOMEIMPROVEMENT	9	N
0	30	42000	1	4000	DEBTCONSOLIDATION	6	N
0	25	52160	5	1750	HOMEIMPROVEMENT	2	N
0	35	64000	11	14500	DEBTCONSOLIDATION	6	N
1	30	54000	3	15250	MEDICAL	8	Y
0	22	43200	4	9000	EDUCATION	4	Y
0	25	54503	9	6300	EDUCATION	2	N
0	23	85000	7	20000	EDUCATION	4	Y
0	26	40000	10	6925	PERSONAL	4	N
0	20	42000	4	6500	VENTURE	2	N
0	22	83000	6	25000	EDUCATION	2	N
0	22	54600	6	8000	DEBTCONSOLIDATION	2	N
0	23	39216	5	10000	VENTURE	3	N
0	28	78000	0	19700	HOMEIMPROVEMENT	9	N
1	31	29000	4	3700	PERSONAL	7	N
0	37	65000	7	9000	DEBTCONSOLIDATION	15	N
1	34	63000	5	20500	VENTURE	8	Y
0	23	75000	2	8000	MEDICAL	4	N
1	24	32000	1	12000	MEDICAL	2	N
0	27	95000	9	25000	HOMEIMPROVEMENT	5	N
0	36	25000	4	11500	MEDICAL	12	N
0	24	40000	0	10800	DEBTCONSOLIDATION	4	N
0	23	35000	7	2100	VENTURE	2	N
0	22	30000	3	1750	MEDICAL	4	N
0	23	55000	7	2800	MEDICAL	2	N
0	27	90000	4	15000	DEBTCONSOLIDATION	6	N
1	24	70000	8	24000	EDUCATION	4	N
0	31	31000	0	12500	PERSONAL	8	N
1	23	19200	1	6200	MEDICAL	3	N
0	29	65000	11	7000	HOMEIMPROVEMENT	10	N
0	25	44000	1	6000	EDUCATION	4	N
1	27	27996	0	12250	PERSONAL	7	N
0	26	40272	3	10000	EDUCATION	3	N
0	22	51000	6	7500	PERSONAL	2	N
1	22	30000	0	12000	MEDICAL	3	N
1	48	39000	7	5800	MEDICAL	15	N
1	38	45000	1	4000	EDUCATION	15	N
0	26	83000	1	17000	PERSONAL	3	N
0	24	65000	2	6400	DEBTCONSOLIDATION	2	N
0	32	34900	0	12000	PERSONAL	9	N
1	28	35000	4	2400	DEBTCONSOLIDATION	9	N
0	25	50000	1	6000	MEDICAL	3	Y
1	28	61000	9	25000	PERSONAL	7	N
0	22	21000	0	2000	EDUCATION	3	Y
0	24	55600	2	11700	HOMEIMPROVEMENT	2	Y
1	27	78200	4	35000	MEDICAL	7	Y
1	24	42000	8	8000	MEDICAL	4	N
1	26	45000	10	16750	MEDICAL	3	N
0	25	45000	0	5000	EDUCATION	4	N
0	23	36000	3	1000	EDUCATION	2	N
0	28	56864	5	12300	MEDICAL	8	N
1	23	33000	8	12000	DEBTCONSOLIDATION	3	N
1	22	31000	5	5550	MEDICAL	3	N
0	21	44004	5	7200	VENTURE	4	N
1	21	14400	2	3000	MEDICAL	3	Y
0	23	84000	0	28000	PERSONAL	4	N
1	39	24000	1	8500	DEBTCONSOLIDATION	12	N
0	29	50400	4	9000	EDUCATION	9	N
0	22	70000	0	8000	EDUCATION	4	N
0	33	21000	1	7750	EDUCATION	6	N
1	30	34000	8	12000	PERSONAL	10	N
0	22	43000	3	2000	EDUCATION	3	N
0	22	62400	2	12600	VENTURE	2	Y
0	25	42000	1	6000	DEBTCONSOLIDATION	2	N
0	22	47580	6	4000	MEDICAL	2	N
1	31	29000	0	10000	DEBTCONSOLIDATION	8	N
0	23	48000	7	10000	DEBTCONSOLIDATION	4	N
1	33	36000	5	5600	PERSONAL	7	N
0	22	38004	6	10000	VENTURE	3	N
0	34	58000	18	4000	HOMEIMPROVEMENT	8	N
0	26	96000	1	10000	HOMEIMPROVEMENT	4	N
0	22	21600	3	8500	VENTURE	4	N
1	23	29000	0	10000	EDUCATION	3	Y
1	55	50000	2	20000	DEBTCONSOLIDATION	28	N
1	29	38000	3	15500	PERSONAL	6	N
1	25	74004	2	7500	DEBTCONSOLIDATION	4	Y
1	33	36700	7	15000	PERSONAL	10	N
0	45	29676	5	2700	EDUCATION	17	Y
0	31	65000	15	30000	VENTURE	9	N
1	26	54000	2	6000	HOMEIMPROVEMENT	3	Y
0	25	36000	10	11200	EDUCATION	4	N
1	33	44000	0	9000	MEDICAL	6	Y
0	24	50000	7	11000	HOMEIMPROVEMENT	2	Y
0	22	35000	5	5000	MEDICAL	3	N
0	39	38400	5	10850	VENTURE	14	N
1	39	18300	0	1200	EDUCATION	17	N
0	34	46000	5	10000	VENTURE	6	N
0	28	57000	2	6000	HOMEIMPROVEMENT	8	Y
0	29	40000	1	3600	DEBTCONSOLIDATION	5	N
0	22	63000	6	8950	PERSONAL	4	N
0	30	77000	7	20000	VENTURE	8	N
0	21	35004	0	3000	EDUCATION	3	N
0	24	62500	8	6500	HOMEIMPROVEMENT	3	N
